{"jplag_version":{"major":4,"minor":0,"patch":0},"submission_folder_path":[".\\datasets\\YOq11Rp1XSZB\\Binary"],"base_code_folder_path":"","language":"C/C++ Scanner [basic markup]","file_extensions":[".cpp",".CPP",".cxx",".CXX",".c++",".C++",".c",".C",".cc",".CC",".h",".H",".hpp",".HPP",".hh",".HH"],"submission_id_to_display_name":{"student2":"student2","student1":"student1"},"submission_ids_to_comparison_file_name":{"student2":{"student1":"student1-student2.json"},"student1":{"student2":"student1-student2.json"}},"failed_submission_names":[],"excluded_files":[],"match_sensitivity":12,"date_of_execution":"20/03/23","execution_time":8,"metrics":[{"name":"AVG","distribution":[1,0,0,0,0,0,0,0,0,0],"topComparisons":[{"first_submission":"student1","second_submission":"student2","similarity":1.0}],"description":"Average of both program coverages. This is the default similarity which works in most cases: Matches with a high average similarity indicate that the programs work in a very similar way."},{"name":"MAX","distribution":[1,0,0,0,0,0,0,0,0,0],"topComparisons":[{"first_submission":"student1","second_submission":"student2","similarity":1.0}],"description":"Maximum of both program coverages. This ranking is especially useful if the programs are very different in size. This can happen when dead code was inserted to disguise the origin of the plagiarized program."}],"clusters":[]}