{"jplag_version":{"major":4,"minor":0,"patch":0},"submission_folder_path":[".\\datasets\\oWgRRfPNqyCE\\Midterm"],"base_code_folder_path":"","language":"Javac based AST plugin","file_extensions":[".java",".JAVA"],"submission_id_to_display_name":{"student18":"student18","student19":"student19","student2":"student2","student16":"student16","student4":"student4","student3":"student3","student6":"student6","student5":"student5","student8":"student8","student7":"student7","student9":"student9","student25":"student25","student26":"student26","student23":"student23","student21":"student21","student22":"student22","student29":"student29","student27":"student27","student28":"student28","student15":"student15","student12":"student12","student13":"student13","student10":"student10","student32":"student32","student30":"student30","student31":"student31"},"submission_ids_to_comparison_file_name":{"student18":{"student29":"student18-student29.json","student27":"student18-student27.json","student3":"student18-student3.json","student23":"student23-student18.json","student12":"student12-student18.json","student5":"student18-student5.json","student8":"student8-student18.json","student21":"student18-student21.json","student30":"student30-student18.json","student9":"student9-student18.json"},"student19":{"student2":"student2-student19.json","student28":"student19-student28.json","student4":"student19-student4.json","student6":"student6-student19.json","student5":"student19-student5.json","student7":"student7-student19.json","student9":"student9-student19.json","student26":"student26-student19.json","student23":"student23-student19.json","student13":"student13-student19.json","student10":"student19-student10.json","student22":"student19-student22.json","student30":"student30-student19.json"},"student16":{"student32":"student16-student32.json"},"student2":{"student19":"student2-student19.json","student12":"student12-student2.json","student6":"student2-student6.json","student9":"student9-student2.json"},"student4":{"student19":"student19-student4.json","student28":"student28-student4.json"},"student3":{"student18":"student18-student3.json","student27":"student3-student27.json","student26":"student26-student3.json","student23":"student23-student3.json","student12":"student12-student3.json","student6":"student6-student3.json","student13":"student13-student3.json","student10":"student3-student10.json","student8":"student8-student3.json","student7":"student7-student3.json"},"student6":{"student29":"student6-student29.json","student19":"student6-student19.json","student27":"student6-student27.json","student2":"student2-student6.json","student28":"student6-student28.json","student3":"student6-student3.json","student5":"student6-student5.json","student7":"student7-student6.json","student9":"student9-student6.json","student26":"student26-student6.json","student12":"student12-student6.json","student13":"student6-student13.json","student21":"student6-student21.json","student10":"student6-student10.json","student22":"student6-student22.json"},"student5":{"student18":"student18-student5.json","student19":"student19-student5.json","student23":"student23-student5.json","student12":"student12-student5.json","student6":"student6-student5.json","student10":"student10-student5.json","student22":"student5-student22.json","student9":"student9-student5.json"},"student8":{"student18":"student8-student18.json","student15":"student8-student15.json","student26":"student8-student26.json","student3":"student8-student3.json","student12":"student8-student12.json","student23":"student8-student23.json","student30":"student8-student30.json","student31":"student8-student31.json","student9":"student8-student9.json"},"student7":{"student19":"student7-student19.json","student3":"student7-student3.json","student12":"student12-student7.json","student6":"student7-student6.json","student10":"student7-student10.json","student30":"student30-student7.json","student9":"student9-student7.json"},"student9":{"student18":"student9-student18.json","student29":"student9-student29.json","student19":"student9-student19.json","student2":"student9-student2.json","student27":"student9-student27.json","student6":"student9-student6.json","student5":"student9-student5.json","student8":"student8-student9.json","student7":"student9-student7.json","student26":"student9-student26.json","student15":"student9-student15.json","student23":"student23-student9.json","student12":"student12-student9.json","student21":"student9-student21.json","student30":"student9-student30.json"},"student25":{"student26":"student26-student25.json","student13":"student13-student25.json"},"student26":{"student19":"student26-student19.json","student25":"student26-student25.json","student3":"student26-student3.json","student6":"student26-student6.json","student23":"student23-student26.json","student12":"student12-student26.json","student13":"student26-student13.json","student8":"student8-student26.json","student9":"student9-student26.json"},"student23":{"student18":"student23-student18.json","student19":"student23-student19.json","student27":"student23-student27.json","student3":"student23-student3.json","student5":"student23-student5.json","student8":"student8-student23.json","student9":"student23-student9.json","student26":"student23-student26.json","student15":"student23-student15.json","student12":"student23-student12.json","student22":"student23-student22.json","student30":"student23-student30.json"},"student21":{"student18":"student18-student21.json","student27":"student27-student21.json","student6":"student6-student21.json","student12":"student12-student21.json","student30":"student30-student21.json","student9":"student9-student21.json"},"student22":{"student19":"student19-student22.json","student28":"student28-student22.json","student6":"student6-student22.json","student23":"student23-student22.json","student5":"student5-student22.json","student10":"student10-student22.json"},"student29":{"student18":"student18-student29.json","student6":"student6-student29.json","student12":"student12-student29.json","student9":"student9-student29.json"},"student27":{"student18":"student18-student27.json","student3":"student3-student27.json","student6":"student6-student27.json","student23":"student23-student27.json","student12":"student12-student27.json","student21":"student27-student21.json","student30":"student30-student27.json","student9":"student9-student27.json"},"student28":{"student19":"student19-student28.json","student4":"student28-student4.json","student6":"student6-student28.json","student12":"student12-student28.json","student13":"student13-student28.json","student10":"student28-student10.json","student22":"student28-student22.json"},"student15":{"student12":"student12-student15.json","student23":"student23-student15.json","student8":"student8-student15.json","student30":"student30-student15.json","student31":"student31-student15.json","student9":"student9-student15.json"},"student12":{"student29":"student12-student29.json","student18":"student12-student18.json","student2":"student12-student2.json","student27":"student12-student27.json","student28":"student12-student28.json","student3":"student12-student3.json","student6":"student12-student6.json","student5":"student12-student5.json","student8":"student8-student12.json","student7":"student12-student7.json","student9":"student12-student9.json","student15":"student12-student15.json","student26":"student12-student26.json","student23":"student23-student12.json","student13":"student12-student13.json","student10":"student12-student10.json","student21":"student12-student21.json","student30":"student12-student30.json"},"student13":{"student19":"student13-student19.json","student28":"student13-student28.json","student25":"student13-student25.json","student3":"student13-student3.json","student26":"student26-student13.json","student12":"student12-student13.json","student6":"student6-student13.json"},"student10":{"student19":"student19-student10.json","student28":"student28-student10.json","student3":"student3-student10.json","student12":"student12-student10.json","student6":"student6-student10.json","student5":"student10-student5.json","student7":"student7-student10.json","student22":"student10-student22.json"},"student32":{"student16":"student16-student32.json"},"student30":{"student18":"student30-student18.json","student19":"student30-student19.json","student27":"student30-student27.json","student15":"student30-student15.json","student12":"student12-student30.json","student23":"student23-student30.json","student8":"student8-student30.json","student21":"student30-student21.json","student7":"student30-student7.json","student9":"student9-student30.json"},"student31":{"student15":"student31-student15.json","student8":"student8-student31.json"}},"failed_submission_names":[],"excluded_files":[],"match_sensitivity":9,"date_of_execution":"20/03/23","execution_time":62,"metrics":[{"name":"AVG","distribution":[0,3,7,27,72,149,117,55,5,0],"topComparisons":[{"first_submission":"student12","second_submission":"student9","similarity":0.8451882845188284},{"first_submission":"student9","second_submission":"student30","similarity":0.8244897959183674},{"first_submission":"student9","second_submission":"student15","similarity":0.8211382113821138},{"first_submission":"student8","second_submission":"student9","similarity":0.7574468085106383},{"first_submission":"student23","second_submission":"student9","similarity":0.7426160337552743},{"first_submission":"student12","second_submission":"student18","similarity":0.7317073170731707},{"first_submission":"student8","second_submission":"student12","similarity":0.7068965517241379},{"first_submission":"student30","second_submission":"student15","similarity":0.7068273092369478},{"first_submission":"student6","second_submission":"student19","similarity":0.704119850187266},{"first_submission":"student12","second_submission":"student30","similarity":0.7024793388429752},{"first_submission":"student12","second_submission":"student7","similarity":0.6885245901639344},{"first_submission":"student6","second_submission":"student10","similarity":0.6879432624113475},{"first_submission":"student7","second_submission":"student3","similarity":0.6872586872586872},{"first_submission":"student23","second_submission":"student12","similarity":0.6752136752136753},{"first_submission":"student23","second_submission":"student30","similarity":0.675},{"first_submission":"student30","second_submission":"student27","similarity":0.6741573033707865},{"first_submission":"student12","second_submission":"student15","similarity":0.6666666666666666},{"first_submission":"student6","second_submission":"student28","similarity":0.6567164179104478},{"first_submission":"student7","second_submission":"student6","similarity":0.65625},{"first_submission":"student8","second_submission":"student18","similarity":0.6528925619834711},{"first_submission":"student26","second_submission":"student25","similarity":0.6513157894736842},{"first_submission":"student23","second_submission":"student15","similarity":0.6473029045643154},{"first_submission":"student2","second_submission":"student6","similarity":0.6434108527131783},{"first_submission":"student6","second_submission":"student3","similarity":0.6387832699619772},{"first_submission":"student12","second_submission":"student27","similarity":0.6360153256704981},{"first_submission":"student8","second_submission":"student23","similarity":0.6347826086956522},{"first_submission":"student8","second_submission":"student15","similarity":0.6276150627615062},{"first_submission":"student23","second_submission":"student18","similarity":0.6229508196721312},{"first_submission":"student18","second_submission":"student3","similarity":0.6206896551724138},{"first_submission":"student23","second_submission":"student3","similarity":0.6184738955823293},{"first_submission":"student9","second_submission":"student18","similarity":0.6184738955823293},{"first_submission":"student19","second_submission":"student22","similarity":0.6153846153846154},{"first_submission":"student30","second_submission":"student18","similarity":0.6111111111111112},{"first_submission":"student9","second_submission":"student7","similarity":0.6072874493927125},{"first_submission":"student19","second_submission":"student28","similarity":0.6036363636363636},{"first_submission":"student3","second_submission":"student10","similarity":0.6035087719298246},{"first_submission":"student26","second_submission":"student13","similarity":0.6},{"first_submission":"student26","second_submission":"student19","similarity":0.599250936329588},{"first_submission":"student13","second_submission":"student19","similarity":0.599250936329588},{"first_submission":"student18","second_submission":"student27","similarity":0.5977859778597786},{"first_submission":"student12","second_submission":"student26","similarity":0.5967741935483871},{"first_submission":"student2","second_submission":"student19","similarity":0.5962264150943396},{"first_submission":"student8","second_submission":"student26","similarity":0.5901639344262295},{"first_submission":"student31","second_submission":"student15","similarity":0.5901639344262295},{"first_submission":"student12","second_submission":"student3","similarity":0.5816733067729084},{"first_submission":"student12","second_submission":"student6","similarity":0.5806451612903226},{"first_submission":"student12","second_submission":"student13","similarity":0.5806451612903226},{"first_submission":"student23","second_submission":"student27","similarity":0.5791505791505791},{"first_submission":"student13","second_submission":"student3","similarity":0.5779467680608364},{"first_submission":"student12","second_submission":"student29","similarity":0.5777777777777777},{"first_submission":"student6","second_submission":"student5","similarity":0.5754385964912281},{"first_submission":"student12","second_submission":"student21","similarity":0.570446735395189},{"first_submission":"student9","second_submission":"student19","similarity":0.5658914728682171},{"first_submission":"student3","second_submission":"student27","similarity":0.5652173913043478},{"first_submission":"student23","second_submission":"student19","similarity":0.5612648221343873},{"first_submission":"student10","second_submission":"student22","similarity":0.5605095541401274},{"first_submission":"student6","second_submission":"student21","similarity":0.5544554455445545},{"first_submission":"student6","second_submission":"student13","similarity":0.5538461538461539},{"first_submission":"student10","second_submission":"student5","similarity":0.5537459283387622},{"first_submission":"student9","second_submission":"student27","similarity":0.553030303030303},{"first_submission":"student18","second_submission":"student21","similarity":0.5514950166112956},{"first_submission":"student8","second_submission":"student3","similarity":0.5506072874493927},{"first_submission":"student9","second_submission":"student29","similarity":0.5494505494505495},{"first_submission":"student7","second_submission":"student10","similarity":0.5467625899280576},{"first_submission":"student19","second_submission":"student4","similarity":0.5436893203883495},{"first_submission":"student6","second_submission":"student22","similarity":0.541095890410959},{"first_submission":"student19","second_submission":"student5","similarity":0.541095890410959},{"first_submission":"student28","second_submission":"student22","similarity":0.54},{"first_submission":"student23","second_submission":"student22","similarity":0.539568345323741},{"first_submission":"student27","second_submission":"student21","similarity":0.5379746835443038},{"first_submission":"student12","second_submission":"student2","similarity":0.5365853658536586},{"first_submission":"student6","second_submission":"student27","similarity":0.5347985347985348},{"first_submission":"student19","second_submission":"student10","similarity":0.532871972318339},{"first_submission":"student26","second_submission":"student3","similarity":0.532319391634981},{"first_submission":"student30","second_submission":"student7","similarity":0.528},{"first_submission":"student9","second_submission":"student26","similarity":0.5258964143426295},{"first_submission":"student7","second_submission":"student19","similarity":0.5247148288973384},{"first_submission":"student5","second_submission":"student22","similarity":0.5236593059936908},{"first_submission":"student12","second_submission":"student28","similarity":0.5234375},{"first_submission":"student28","second_submission":"student4","similarity":0.5225806451612903},{"first_submission":"student13","second_submission":"student28","similarity":0.5223880597014925},{"first_submission":"student8","second_submission":"student30","similarity":0.5210084033613446},{"first_submission":"student12","second_submission":"student10","similarity":0.5185185185185185},{"first_submission":"student28","second_submission":"student10","similarity":0.5172413793103449},{"first_submission":"student8","second_submission":"student31","similarity":0.5150214592274678},{"first_submission":"student12","second_submission":"student5","similarity":0.5128205128205128},{"first_submission":"student16","second_submission":"student32","similarity":0.511326860841424},{"first_submission":"student6","second_submission":"student29","similarity":0.5106382978723404},{"first_submission":"student9","second_submission":"student21","similarity":0.5102040816326531},{"first_submission":"student9","second_submission":"student6","similarity":0.5099601593625498},{"first_submission":"student23","second_submission":"student5","similarity":0.5092250922509225},{"first_submission":"student18","second_submission":"student5","similarity":0.508833922261484},{"first_submission":"student26","second_submission":"student6","similarity":0.5076923076923077},{"first_submission":"student9","second_submission":"student5","similarity":0.5072463768115942},{"first_submission":"student18","second_submission":"student29","similarity":0.5071428571428571},{"first_submission":"student13","second_submission":"student25","similarity":0.506578947368421},{"first_submission":"student9","second_submission":"student2","similarity":0.5060240963855421},{"first_submission":"student30","second_submission":"student19","similarity":0.5057471264367817},{"first_submission":"student30","second_submission":"student21","similarity":0.5050505050505051},{"first_submission":"student23","second_submission":"student26","similarity":0.5040650406504065}],"description":"Average of both program coverages. This is the default similarity which works in most cases: Matches with a high average similarity indicate that the programs work in a very similar way."},{"name":"MAX","distribution":[0,3,14,47,100,142,96,30,3,0],"topComparisons":[{"first_submission":"student12","second_submission":"student9","similarity":0.8559322033898306},{"first_submission":"student9","second_submission":"student30","similarity":0.8347107438016529},{"first_submission":"student9","second_submission":"student15","similarity":0.8347107438016529},{"first_submission":"student8","second_submission":"student9","similarity":0.7807017543859649},{"first_submission":"student12","second_submission":"student18","similarity":0.7627118644067796},{"first_submission":"student26","second_submission":"student25","similarity":0.7615384615384615},{"first_submission":"student23","second_submission":"student9","similarity":0.7586206896551724},{"first_submission":"student6","second_submission":"student10","similarity":0.7461538461538462},{"first_submission":"student30","second_submission":"student27","similarity":0.7258064516129032},{"first_submission":"student6","second_submission":"student19","similarity":0.7230769230769231},{"first_submission":"student12","second_submission":"student30","similarity":0.7203389830508474},{"first_submission":"student8","second_submission":"student12","similarity":0.7192982456140351},{"first_submission":"student12","second_submission":"student7","similarity":0.711864406779661},{"first_submission":"student30","second_submission":"student15","similarity":0.7096774193548387},{"first_submission":"student7","second_submission":"student3","similarity":0.7063492063492064},{"first_submission":"student12","second_submission":"student27","similarity":0.7033898305084746},{"first_submission":"student12","second_submission":"student21","similarity":0.7033898305084746},{"first_submission":"student23","second_submission":"student30","similarity":0.6982758620689655},{"first_submission":"student8","second_submission":"student18","similarity":0.6929824561403509},{"first_submission":"student12","second_submission":"student15","similarity":0.6864406779661016},{"first_submission":"student23","second_submission":"student12","similarity":0.6810344827586207},{"first_submission":"student6","second_submission":"student28","similarity":0.676923076923077},{"first_submission":"student23","second_submission":"student15","similarity":0.6724137931034483},{"first_submission":"student19","second_submission":"student22","similarity":0.6715328467153284},{"first_submission":"student7","second_submission":"student6","similarity":0.6666666666666666},{"first_submission":"student23","second_submission":"student3","similarity":0.6637931034482759},{"first_submission":"student12","second_submission":"student29","similarity":0.6610169491525424},{"first_submission":"student8","second_submission":"student15","similarity":0.6578947368421053},{"first_submission":"student23","second_submission":"student18","similarity":0.6551724137931034},{"first_submission":"student2","second_submission":"student6","similarity":0.6484375},{"first_submission":"student18","second_submission":"student21","similarity":0.6484375},{"first_submission":"student3","second_submission":"student10","similarity":0.6466165413533834},{"first_submission":"student23","second_submission":"student27","similarity":0.646551724137931},{"first_submission":"student23","second_submission":"student22","similarity":0.646551724137931},{"first_submission":"student6","second_submission":"student3","similarity":0.6461538461538462},{"first_submission":"student6","second_submission":"student21","similarity":0.6461538461538462},{"first_submission":"student8","second_submission":"student23","similarity":0.6403508771929824},{"first_submission":"student9","second_submission":"student18","similarity":0.6363636363636364},{"first_submission":"student18","second_submission":"student3","similarity":0.6328125},{"first_submission":"student18","second_submission":"student27","similarity":0.6328125},{"first_submission":"student8","second_submission":"student26","similarity":0.631578947368421},{"first_submission":"student6","second_submission":"student5","similarity":0.6307692307692307},{"first_submission":"student12","second_submission":"student26","similarity":0.6271186440677966},{"first_submission":"student30","second_submission":"student18","similarity":0.6209677419354839},{"first_submission":"student9","second_submission":"student7","similarity":0.6198347107438017},{"first_submission":"student9","second_submission":"student29","similarity":0.6198347107438017},{"first_submission":"student9","second_submission":"student21","similarity":0.6198347107438017},{"first_submission":"student12","second_submission":"student3","similarity":0.6186440677966102},{"first_submission":"student2","second_submission":"student19","similarity":0.6171875},{"first_submission":"student26","second_submission":"student19","similarity":0.6153846153846154},{"first_submission":"student13","second_submission":"student19","similarity":0.6153846153846154},{"first_submission":"student19","second_submission":"student4","similarity":0.6131386861313869},{"first_submission":"student23","second_submission":"student19","similarity":0.6120689655172413},{"first_submission":"student12","second_submission":"student6","similarity":0.6101694915254238},{"first_submission":"student12","second_submission":"student13","similarity":0.6101694915254238},{"first_submission":"student6","second_submission":"student22","similarity":0.6076923076923076},{"first_submission":"student19","second_submission":"student28","similarity":0.6058394160583942},{"first_submission":"student31","second_submission":"student15","similarity":0.6050420168067226},{"first_submission":"student30","second_submission":"student21","similarity":0.6048387096774194},{"first_submission":"student9","second_submission":"student19","similarity":0.6033057851239669},{"first_submission":"student9","second_submission":"student27","similarity":0.6033057851239669},{"first_submission":"student7","second_submission":"student10","similarity":0.6031746031746031},{"first_submission":"student26","second_submission":"student13","similarity":0.6},{"first_submission":"student8","second_submission":"student3","similarity":0.5964912280701754},{"first_submission":"student23","second_submission":"student5","similarity":0.5948275862068966},{"first_submission":"student27","second_submission":"student21","similarity":0.5944055944055944},{"first_submission":"student12","second_submission":"student10","similarity":0.5932203389830508},{"first_submission":"student12","second_submission":"student5","similarity":0.5932203389830508},{"first_submission":"student13","second_submission":"student25","similarity":0.5923076923076923},{"first_submission":"student28","second_submission":"student22","similarity":0.5869565217391305},{"first_submission":"student28","second_submission":"student4","similarity":0.5869565217391305},{"first_submission":"student3","second_submission":"student27","similarity":0.5864661654135338},{"first_submission":"student13","second_submission":"student3","similarity":0.5846153846153846},{"first_submission":"student10","second_submission":"student22","similarity":0.5789473684210527},{"first_submission":"student9","second_submission":"student5","similarity":0.5785123966942148},{"first_submission":"student19","second_submission":"student5","similarity":0.5766423357664233},{"first_submission":"student12","second_submission":"student28","similarity":0.5677966101694916},{"first_submission":"student18","second_submission":"student5","similarity":0.5625},{"first_submission":"student19","second_submission":"student10","similarity":0.5620437956204379},{"first_submission":"student6","second_submission":"student27","similarity":0.5615384615384615},{"first_submission":"student12","second_submission":"student2","similarity":0.559322033898305},{"first_submission":"student10","second_submission":"student5","similarity":0.5592105263157895},{"first_submission":"student18","second_submission":"student29","similarity":0.5546875},{"first_submission":"student6","second_submission":"student13","similarity":0.5538461538461539},{"first_submission":"student6","second_submission":"student29","similarity":0.5538461538461539},{"first_submission":"student7","second_submission":"student19","similarity":0.5476190476190477},{"first_submission":"student9","second_submission":"student26","similarity":0.5454545454545454},{"first_submission":"student8","second_submission":"student30","similarity":0.543859649122807},{"first_submission":"student28","second_submission":"student10","similarity":0.5434782608695652},{"first_submission":"student26","second_submission":"student3","similarity":0.5384615384615384},{"first_submission":"student13","second_submission":"student28","similarity":0.5384615384615384},{"first_submission":"student5","second_submission":"student22","similarity":0.535483870967742},{"first_submission":"student23","second_submission":"student26","similarity":0.5344827586206896},{"first_submission":"student30","second_submission":"student7","similarity":0.532258064516129},{"first_submission":"student30","second_submission":"student19","similarity":0.532258064516129},{"first_submission":"student9","second_submission":"student6","similarity":0.5289256198347108},{"first_submission":"student8","second_submission":"student31","similarity":0.5263157894736842},{"first_submission":"student9","second_submission":"student2","similarity":0.5206611570247934},{"first_submission":"student16","second_submission":"student32","similarity":0.512987012987013},{"first_submission":"student26","second_submission":"student6","similarity":0.5076923076923077}],"description":"Maximum of both program coverages. This ranking is especially useful if the programs are very different in size. This can happen when dead code was inserted to disguise the origin of the plagiarized program."}],"clusters":[]}