{"id1":"student9","id2":"student18","similarity":0.6184738955823293,"matches":[{"file1":"Product.java","file2":"Product.java","start1":1,"end1":21,"start2":3,"end2":23,"tokens":30},{"file1":"PromotionProduct.java","file2":"PromotionProduct.java","start1":1,"end1":13,"start2":2,"end2":14,"tokens":20},{"file1":"Test.java","file2":"TestProduct.java","start1":1,"end1":9,"start2":2,"end2":10,"tokens":16},{"file1":"Test.java","file2":"TestProduct.java","start1":21,"end1":26,"start2":24,"end2":30,"tokens":11}]}