{"id1":"student30","id2":"student21","similarity":0.5050505050505051,"matches":[{"file1":"Product.java","file2":"Product.java","start1":11,"end1":25,"start2":20,"end2":33,"tokens":19},{"file1":"Product.java","file2":"Product.java","start1":2,"end1":10,"start2":1,"end2":11,"tokens":14},{"file1":"tester2.java","file2":"Tester02.java","start1":3,"end1":9,"start2":1,"end2":7,"tokens":11},{"file1":"tester2.java","file2":"Tester02.java","start1":21,"end1":26,"start2":28,"end2":33,"tokens":11},{"file1":"PromotionProduct.java","file2":"PromotionProduct.java","start1":3,"end1":9,"start2":1,"end2":10,"tokens":11},{"file1":"tester2.java","file2":"Tester02.java","start1":11,"end1":14,"start2":12,"end2":15,"tokens":9}]}