{"id1":"student23","id2":"student18","similarity":0.6229508196721312,"matches":[{"file1":"Product.java","file2":"Product.java","start1":1,"end1":24,"start2":3,"end2":23,"tokens":30},{"file1":"PromotionProduct.java","file2":"PromotionProduct.java","start1":1,"end1":14,"start2":2,"end2":13,"tokens":18},{"file1":"Tester2.java","file2":"TestProduct.java","start1":1,"end1":8,"start2":2,"end2":10,"tokens":16},{"file1":"Tester2.java","file2":"TestProduct.java","start1":20,"end1":26,"start2":23,"end2":30,"tokens":12}]}