{"id1":"student2","id2":"student6","similarity":0.6434108527131783,"matches":[{"file1":"Product.java","file2":"Product.java","start1":1,"end1":24,"start2":1,"end2":21,"tokens":32},{"file1":"PromotionProduct.java","file2":"PromotionProduct.java","start1":1,"end1":18,"start2":1,"end2":15,"tokens":23},{"file1":"Mainmid2.java","file2":"Main.java","start1":27,"end1":34,"start2":31,"end2":37,"tokens":16},{"file1":"Mainmid2.java","file2":"Main.java","start1":2,"end1":8,"start2":1,"end2":8,"tokens":12}]}