{"id1":"student12","id2":"student27","similarity":0.6360153256704981,"matches":[{"file1":"Product.java","file2":"Product.java","start1":13,"end1":27,"start2":19,"end2":30,"tokens":19},{"file1":"PromotionProduct.java","file2":"PromotionProduct.java","start1":3,"end1":15,"start2":2,"end2":12,"tokens":18},{"file1":"Product.java","file2":"Product.java","start1":3,"end1":12,"start2":3,"end2":12,"tokens":14},{"file1":"Main.java","file2":"test2.java","start1":3,"end1":9,"start2":2,"end2":8,"tokens":11},{"file1":"Main.java","file2":"test2.java","start1":24,"end1":29,"start2":24,"end2":29,"tokens":11},{"file1":"PromotionProduct.java","file2":"PromotionProduct.java","start1":15,"end1":23,"start2":17,"end2":23,"tokens":10}]}