{"id1":"student13","id2":"student28","similarity":0.5223880597014925,"matches":[{"file1":"Product.java","file2":"Product.java","start1":1,"end1":23,"start2":3,"end2":25,"tokens":33},{"file1":"Tester.java","file2":"Main.java","start1":23,"end1":32,"start2":24,"end2":32,"tokens":18},{"file1":"Tester.java","file2":"Main.java","start1":1,"end1":7,"start2":3,"end2":9,"tokens":10},{"file1":"PromotionProduct.java","file2":"PromotionProduct.java","start1":15,"end1":21,"start2":23,"end2":29,"tokens":9}]}