{"id1":"student23","id2":"student27","similarity":0.5791505791505791,"matches":[{"file1":"Product.java","file2":"Product.java","start1":12,"end1":26,"start2":19,"end2":30,"tokens":19},{"file1":"PromotionProduct.java","file2":"PromotionProduct.java","start1":1,"end1":14,"start2":2,"end2":12,"tokens":18},{"file1":"Product.java","file2":"Product.java","start1":1,"end1":11,"start2":3,"end2":12,"tokens":14},{"file1":"Tester2.java","file2":"test2.java","start1":20,"end1":26,"start2":23,"end2":29,"tokens":13},{"file1":"Tester2.java","file2":"test2.java","start1":1,"end1":6,"start2":2,"end2":8,"tokens":11}]}