{"id1":"student28","id2":"student4","similarity":0.5225806451612903,"matches":[{"file1":"Product.java","file2":"Product.java","start1":3,"end1":25,"start2":1,"end2":22,"tokens":33},{"file1":"PromotionProduct.java","file2":"PromotionProduct.java","start1":11,"end1":24,"start2":9,"end2":21,"tokens":17},{"file1":"Main.java","file2":"Main.java","start1":3,"end1":10,"start2":1,"end2":9,"tokens":12},{"file1":"Main.java","file2":"Main.java","start1":30,"end1":33,"start2":41,"end2":45,"tokens":10},{"file1":"Main.java","file2":"Main.java","start1":14,"end1":18,"start2":30,"end2":34,"tokens":9}]}