{"id1":"student23","id2":"student30","similarity":0.675,"matches":[{"file1":"Product.java","file2":"Product.java","start1":1,"end1":26,"start2":2,"end2":25,"tokens":33},{"file1":"Tester2.java","file2":"tester2.java","start1":1,"end1":8,"start2":3,"end2":12,"tokens":16},{"file1":"PromotionProduct.java","file2":"PromotionProduct.java","start1":9,"end1":16,"start2":9,"end2":16,"tokens":12},{"file1":"Tester2.java","file2":"tester2.java","start1":21,"end1":26,"start2":25,"end2":32,"tokens":11},{"file1":"PromotionProduct.java","file2":"PromotionProduct.java","start1":1,"end1":9,"start2":3,"end2":9,"tokens":9}]}