{"id1":"student13","id2":"student3","similarity":0.5779467680608364,"matches":[{"file1":"Product.java","file2":"Product.java","start1":1,"end1":23,"start2":1,"end2":22,"tokens":33},{"file1":"Tester.java","file2":"Test2.java","start1":16,"end1":22,"start2":17,"end2":22,"tokens":12},{"file1":"PromotionProduct.java","file2":"PromotionProduct.java","start1":1,"end1":7,"start2":1,"end2":8,"tokens":11},{"file1":"Tester.java","file2":"Test2.java","start1":1,"end1":7,"start2":1,"end2":7,"tokens":10},{"file1":"Tester.java","file2":"Test2.java","start1":12,"end1":16,"start2":12,"end2":17,"tokens":10}]}