{"id1":"student18","id2":"student3","similarity":0.6206896551724138,"matches":[{"file1":"Product.java","file2":"Product.java","start1":3,"end1":23,"start2":1,"end2":20,"tokens":30},{"file1":"TestProduct.java","file2":"Test2.java","start1":2,"end1":11,"start2":1,"end2":12,"tokens":19},{"file1":"PromotionProduct.java","file2":"PromotionProduct.java","start1":2,"end1":8,"start2":1,"end2":8,"tokens":13},{"file1":"PromotionProduct.java","file2":"PromotionProduct.java","start1":10,"end1":16,"start2":11,"end2":16,"tokens":10},{"file1":"TestProduct.java","file2":"Test2.java","start1":23,"end1":27,"start2":28,"end2":33,"tokens":9}]}