{"id1":"student10","id2":"student5","similarity":0.5537459283387622,"matches":[{"file1":"Main.java","file2":"TestProduct.java","start1":8,"end1":24,"start2":6,"end2":23,"tokens":41},{"file1":"Product.java","file2":"Product.java","start1":1,"end1":12,"start2":1,"end2":13,"tokens":18},{"file1":"PromotionProduct.java","file2":"PromotionProduct.java","start1":5,"end1":11,"start2":9,"end2":16,"tokens":14},{"file1":"Product.java","file2":"Product.java","start1":14,"end1":20,"start2":19,"end2":26,"tokens":12}]}