{"id1":"student9","id2":"student5","similarity":0.5072463768115942,"matches":[{"file1":"Product.java","file2":"Product.java","start1":1,"end1":13,"start2":1,"end2":13,"tokens":18},{"file1":"Test.java","file2":"TestProduct.java","start1":1,"end1":9,"start2":1,"end2":9,"tokens":16},{"file1":"PromotionProduct.java","file2":"PromotionProduct.java","start1":5,"end1":12,"start2":9,"end2":16,"tokens":14},{"file1":"Product.java","file2":"Product.java","start1":15,"end1":22,"start2":19,"end2":26,"tokens":12},{"file1":"Test.java","file2":"TestProduct.java","start1":22,"end1":26,"start2":37,"end2":44,"tokens":10}]}