{"id1":"student18","id2":"student29","similarity":0.5071428571428571,"matches":[{"file1":"Product.java","file2":"Product.java","start1":3,"end1":22,"start2":2,"end2":20,"tokens":28},{"file1":"PromotionProduct.java","file2":"PromotionProduct.java","start1":2,"end1":16,"start2":2,"end2":16,"tokens":23},{"file1":"TestProduct.java","file2":"tester.java","start1":2,"end1":8,"start2":2,"end2":8,"tokens":11},{"file1":"PromotionProduct.java","file2":"PromotionProduct.java","start1":16,"end1":21,"start2":19,"end2":24,"tokens":9}]}