{"id1":"student18","id2":"student27","similarity":0.5977859778597786,"matches":[{"file1":"Product.java","file2":"Product.java","start1":3,"end1":15,"start2":3,"end2":15,"tokens":18},{"file1":"PromotionProduct.java","file2":"PromotionProduct.java","start1":2,"end1":13,"start2":2,"end2":12,"tokens":18},{"file1":"Product.java","file2":"Product.java","start1":15,"end1":23,"start2":21,"end2":28,"tokens":12},{"file1":"TestProduct.java","file2":"test2.java","start1":23,"end1":30,"start2":23,"end2":29,"tokens":12},{"file1":"TestProduct.java","file2":"test2.java","start1":2,"end1":8,"start2":2,"end2":8,"tokens":11},{"file1":"TestProduct.java","file2":"test2.java","start1":10,"end1":13,"start2":12,"end2":16,"tokens":10}]}