{"id1":"student3","id2":"student10","similarity":0.6035087719298246,"matches":[{"file1":"Product.java","file2":"Product.java","start1":1,"end1":22,"start2":1,"end2":21,"tokens":33},{"file1":"Test2.java","file2":"Main.java","start1":6,"end1":20,"start2":8,"end2":19,"tokens":29},{"file1":"PromotionProduct.java","file2":"PromotionProduct.java","start1":1,"end1":8,"start2":1,"end2":7,"tokens":13},{"file1":"PromotionProduct.java","file2":"PromotionProduct.java","start1":11,"end1":17,"start2":9,"end2":15,"tokens":11}]}