{"id1":"student23","id2":"student3","similarity":0.6184738955823293,"matches":[{"file1":"Product.java","file2":"Product.java","start1":1,"end1":26,"start2":1,"end2":22,"tokens":33},{"file1":"Tester2.java","file2":"Test2.java","start1":1,"end1":8,"start2":1,"end2":10,"tokens":16},{"file1":"Tester2.java","file2":"Test2.java","start1":19,"end1":24,"start2":27,"end2":33,"tokens":15},{"file1":"PromotionProduct.java","file2":"PromotionProduct.java","start1":1,"end1":9,"start2":1,"end2":8,"tokens":13}]}