{"id1":"student16","id2":"student32","similarity":0.511326860841424,"matches":[{"file1":"PromotionProduct.java","file2":"PromotionProduct.java","start1":1,"end1":21,"start2":1,"end2":19,"tokens":31},{"file1":"Product.java","file2":"Product.java","start1":1,"end1":16,"start2":1,"end2":17,"tokens":23},{"file1":"Main.java","file2":"Test.java","start1":1,"end1":10,"start2":1,"end2":11,"tokens":15},{"file1":"Product.java","file2":"Product.java","start1":16,"end1":22,"start2":25,"end2":30,"tokens":10}]}