{"id1":"student13","id2":"student25","similarity":0.506578947368421,"matches":[{"file1":"Product.java","file2":"Product.java","start1":1,"end1":20,"start2":2,"end2":20,"tokens":28},{"file1":"PromotionProduct.java","file2":"PromotionProduct.java","start1":1,"end1":12,"start2":3,"end2":14,"tokens":17},{"file1":"Tester.java","file2":"Tester.java","start1":9,"end1":14,"start2":10,"end2":15,"tokens":14},{"file1":"Tester.java","file2":"Tester.java","start1":1,"end1":6,"start2":3,"end2":8,"tokens":9},{"file1":"Tester.java","file2":"Tester.java","start1":16,"end1":20,"start2":21,"end2":26,"tokens":9}]}