{"id1":"student23","id2":"student5","similarity":0.5092250922509225,"matches":[{"file1":"Product.java","file2":"Product.java","start1":1,"end1":15,"start2":1,"end2":13,"tokens":18},{"file1":"Tester2.java","file2":"TestProduct.java","start1":1,"end1":8,"start2":1,"end2":9,"tokens":16},{"file1":"PromotionProduct.java","file2":"PromotionProduct.java","start1":6,"end1":14,"start2":9,"end2":16,"tokens":13},{"file1":"Product.java","file2":"Product.java","start1":17,"end1":25,"start2":19,"end2":26,"tokens":12},{"file1":"Tester2.java","file2":"TestProduct.java","start1":22,"end1":26,"start2":37,"end2":44,"tokens":10}]}