{"id1":"student6","id2":"student22","similarity":0.541095890410959,"matches":[{"file1":"Product.java","file2":"Product.java","start1":1,"end1":20,"start2":1,"end2":19,"tokens":30},{"file1":"Main.java","file2":"Test2.java","start1":28,"end1":33,"start2":35,"end2":40,"tokens":14},{"file1":"PromotionProduct.java","file2":"PromotionProduct.java","start1":6,"end1":12,"start2":4,"end2":11,"tokens":13},{"file1":"Main.java","file2":"Test2.java","start1":9,"end1":15,"start2":9,"end2":13,"tokens":12},{"file1":"Main.java","file2":"Test2.java","start1":1,"end1":7,"start2":1,"end2":6,"tokens":10}]}