{"id1":"student23","id2":"student22","similarity":0.539568345323741,"matches":[{"file1":"Product.java","file2":"Product.java","start1":1,"end1":24,"start2":1,"end2":19,"tokens":30},{"file1":"PromotionProduct.java","file2":"PromotionProduct.java","start1":6,"end1":22,"start2":4,"end2":18,"tokens":26},{"file1":"Tester2.java","file2":"Test2.java","start1":1,"end1":6,"start2":1,"end2":6,"tokens":10},{"file1":"Tester2.java","file2":"Test2.java","start1":17,"end1":20,"start2":32,"end2":34,"tokens":9}]}