{"id1":"student6","id2":"student10","similarity":0.6879432624113475,"matches":[{"file1":"Product.java","file2":"Product.java","start1":1,"end1":22,"start2":1,"end2":21,"tokens":33},{"file1":"PromotionProduct.java","file2":"PromotionProduct.java","start1":1,"end1":18,"start2":1,"end2":17,"tokens":28},{"file1":"Main.java","file2":"Main.java","start1":9,"end1":18,"start2":10,"end2":16,"tokens":16},{"file1":"Main.java","file2":"Main.java","start1":18,"end1":23,"start2":16,"end2":21,"tokens":11},{"file1":"Main.java","file2":"Main.java","start1":29,"end1":32,"start2":31,"end2":34,"tokens":9}]}