{"id1":"student30","id2":"student18","similarity":0.6111111111111112,"matches":[{"file1":"Product.java","file2":"Product.java","start1":2,"end1":23,"start2":3,"end2":23,"tokens":30},{"file1":"tester2.java","file2":"TestProduct.java","start1":3,"end1":15,"start2":2,"end2":13,"tokens":25},{"file1":"tester2.java","file2":"TestProduct.java","start1":25,"end1":32,"start2":24,"end2":30,"tokens":11},{"file1":"PromotionProduct.java","file2":"PromotionProduct.java","start1":3,"end1":9,"start2":2,"end2":8,"tokens":11}]}