{"id1":"student9","id2":"student27","similarity":0.553030303030303,"matches":[{"file1":"Product.java","file2":"Product.java","start1":10,"end1":23,"start2":19,"end2":30,"tokens":19},{"file1":"PromotionProduct.java","file2":"PromotionProduct.java","start1":1,"end1":12,"start2":2,"end2":12,"tokens":18},{"file1":"Product.java","file2":"Product.java","start1":1,"end1":9,"start2":3,"end2":12,"tokens":14},{"file1":"Test.java","file2":"test2.java","start1":1,"end1":7,"start2":2,"end2":8,"tokens":11},{"file1":"Test.java","file2":"test2.java","start1":21,"end1":26,"start2":24,"end2":29,"tokens":11}]}