{"id1":"student19","id2":"student4","similarity":0.5436893203883495,"matches":[{"file1":"Product.java","file2":"Product.java","start1":1,"end1":21,"start2":1,"end2":22,"tokens":33},{"file1":"Test.java","file2":"Main.java","start1":9,"end1":14,"start2":13,"end2":19,"tokens":14},{"file1":"PromotionProduct.java","file2":"PromotionProduct.java","start1":1,"end1":7,"start2":1,"end2":8,"tokens":13},{"file1":"Test.java","file2":"Main.java","start1":1,"end1":8,"start2":1,"end2":9,"tokens":13},{"file1":"PromotionProduct.java","file2":"PromotionProduct.java","start1":11,"end1":17,"start2":15,"end2":22,"tokens":11}]}