{"id1":"student12","id2":"student3","similarity":0.5816733067729084,"matches":[{"file1":"Product.java","file2":"Product.java","start1":3,"end1":27,"start2":1,"end2":22,"tokens":33},{"file1":"Main.java","file2":"Test2.java","start1":3,"end1":11,"start2":1,"end2":10,"tokens":16},{"file1":"PromotionProduct.java","file2":"PromotionProduct.java","start1":3,"end1":10,"start2":1,"end2":8,"tokens":13},{"file1":"PromotionProduct.java","file2":"PromotionProduct.java","start1":12,"end1":21,"start2":11,"end2":17,"tokens":11}]}