{"id1":"student12","id2":"student5","similarity":0.5128205128205128,"matches":[{"file1":"Product.java","file2":"Product.java","start1":3,"end1":16,"start2":1,"end2":13,"tokens":18},{"file1":"Main.java","file2":"TestProduct.java","start1":3,"end1":11,"start2":1,"end2":9,"tokens":16},{"file1":"PromotionProduct.java","file2":"PromotionProduct.java","start1":7,"end1":15,"start2":9,"end2":16,"tokens":14},{"file1":"Product.java","file2":"Product.java","start1":18,"end1":26,"start2":19,"end2":26,"tokens":12},{"file1":"Main.java","file2":"TestProduct.java","start1":25,"end1":29,"start2":37,"end2":44,"tokens":10}]}