{"id1":"student12","id2":"student13","similarity":0.5806451612903226,"matches":[{"file1":"Product.java","file2":"Product.java","start1":3,"end1":27,"start2":1,"end2":23,"tokens":33},{"file1":"PromotionProduct.java","file2":"PromotionProduct.java","start1":3,"end1":10,"start2":1,"end2":7,"tokens":11},{"file1":"Main.java","file2":"Tester.java","start1":3,"end1":9,"start2":1,"end2":7,"tokens":10},{"file1":"Main.java","file2":"Tester.java","start1":9,"end1":12,"start2":9,"end2":12,"tokens":9},{"file1":"PromotionProduct.java","file2":"PromotionProduct.java","start1":17,"end1":23,"start2":15,"end2":21,"tokens":9}]}