{"id1":"student23","id2":"student12","similarity":0.6752136752136753,"matches":[{"file1":"Product.java","file2":"Product.java","start1":1,"end1":26,"start2":3,"end2":27,"tokens":33},{"file1":"PromotionProduct.java","file2":"PromotionProduct.java","start1":1,"end1":14,"start2":3,"end2":15,"tokens":18},{"file1":"Tester2.java","file2":"Main.java","start1":1,"end1":8,"start2":3,"end2":11,"tokens":17},{"file1":"Tester2.java","file2":"Main.java","start1":21,"end1":26,"start2":24,"end2":29,"tokens":11}]}