{"id1":"student12","id2":"student29","similarity":0.5777777777777777,"matches":[{"file1":"Product.java","file2":"Product.java","start1":3,"end1":24,"start2":2,"end2":20,"tokens":28},{"file1":"PromotionProduct.java","file2":"PromotionProduct.java","start1":3,"end1":20,"start2":2,"end2":16,"tokens":23},{"file1":"Main.java","file2":"Product.java","start1":19,"end1":26,"start2":21,"end2":28,"tokens":16},{"file1":"Main.java","file2":"tester.java","start1":3,"end1":9,"start2":2,"end2":8,"tokens":11}]}