{"id1":"student23","id2":"student9","similarity":0.7426160337552743,"matches":[{"file1":"Product.java","file2":"Product.java","start1":1,"end1":26,"start2":1,"end2":23,"tokens":33},{"file1":"PromotionProduct.java","file2":"PromotionProduct.java","start1":1,"end1":14,"start2":1,"end2":12,"tokens":18},{"file1":"Tester2.java","file2":"Test.java","start1":1,"end1":8,"start2":1,"end2":9,"tokens":17},{"file1":"Tester2.java","file2":"Test.java","start1":21,"end1":26,"start2":21,"end2":26,"tokens":11},{"file1":"PromotionProduct.java","file2":"PromotionProduct.java","start1":16,"end1":22,"start2":13,"end2":19,"tokens":9}]}