{"id1":"student12","id2":"student21","similarity":0.570446735395189,"matches":[{"file1":"PromotionProduct.java","file2":"PromotionProduct.java","start1":3,"end1":23,"start2":1,"end2":21,"tokens":28},{"file1":"Product.java","file2":"Product.java","start1":13,"end1":27,"start2":20,"end2":33,"tokens":19},{"file1":"Product.java","file2":"Product.java","start1":3,"end1":12,"start2":1,"end2":11,"tokens":14},{"file1":"Main.java","file2":"Tester02.java","start1":3,"end1":9,"start2":1,"end2":7,"tokens":11},{"file1":"Main.java","file2":"Tester02.java","start1":20,"end1":25,"start2":28,"end2":33,"tokens":11}]}