{"id1":"student26","id2":"student13","similarity":0.6,"matches":[{"file1":"Product.java","file2":"Product.java","start1":1,"end1":25,"start2":1,"end2":23,"tokens":33},{"file1":"Test.java","file2":"Tester.java","start1":8,"end1":14,"start2":9,"end2":14,"tokens":14},{"file1":"Test.java","file2":"Tester.java","start1":17,"end1":24,"start2":16,"end2":21,"tokens":13},{"file1":"Test.java","file2":"Tester.java","start1":1,"end1":6,"start2":1,"end2":6,"tokens":9},{"file1":"PromotionProduct.java","file2":"PromotionProduct.java","start1":12,"end1":18,"start2":15,"end2":21,"tokens":9}]}