{"id1":"student27","id2":"student21","similarity":0.5379746835443038,"matches":[{"file1":"Product.java","file2":"Product.java","start1":3,"end1":30,"start2":1,"end2":33,"tokens":45},{"file1":"PromotionProduct.java","file2":"PromotionProduct.java","start1":2,"end1":12,"start2":1,"end2":14,"tokens":18},{"file1":"test2.java","file2":"Tester02.java","start1":2,"end1":9,"start2":1,"end2":8,"tokens":12},{"file1":"PromotionProduct.java","file2":"PromotionProduct.java","start1":17,"end1":23,"start2":14,"end2":21,"tokens":10}]}