{"id1":"student23","id2":"student15","similarity":0.6473029045643154,"matches":[{"file1":"Product.java","file2":"Product.java","start1":1,"end1":26,"start2":1,"end2":26,"tokens":33},{"file1":"PromotionProduct.java","file2":"PromotionProduct.java","start1":11,"end1":22,"start2":13,"end2":24,"tokens":17},{"file1":"Tester2.java","file2":"Tester.java","start1":1,"end1":8,"start2":1,"end2":10,"tokens":17},{"file1":"Tester2.java","file2":"Tester.java","start1":21,"end1":26,"start2":23,"end2":29,"tokens":11}]}