{"id1":"student2","id2":"student19","similarity":0.5962264150943396,"matches":[{"file1":"Product.java","file2":"Product.java","start1":1,"end1":24,"start2":1,"end2":20,"tokens":32},{"file1":"PromotionProduct.java","file2":"PromotionProduct.java","start1":1,"end1":15,"start2":1,"end2":12,"tokens":20},{"file1":"Mainmid2.java","file2":"Test.java","start1":2,"end1":11,"start2":1,"end2":10,"tokens":18},{"file1":"Mainmid2.java","file2":"Test.java","start1":29,"end1":34,"start2":33,"end2":38,"tokens":9}]}