{"id1":"student7","id2":"student6","similarity":0.65625,"matches":[{"file1":"Promotion.java","file2":"PromotionProduct.java","start1":2,"end1":26,"start2":1,"end2":18,"tokens":28},{"file1":"Product.java","file2":"Product.java","start1":6,"end1":21,"start2":9,"end2":22,"tokens":24},{"file1":"tester.java","file2":"Main.java","start1":18,"end1":24,"start2":10,"end2":17,"tokens":11},{"file1":"tester.java","file2":"Main.java","start1":26,"end1":31,"start2":18,"end2":23,"tokens":11},{"file1":"tester.java","file2":"Main.java","start1":11,"end1":15,"start2":4,"end2":8,"tokens":10}]}