{"id1":"student18","id2":"student21","similarity":0.5514950166112956,"matches":[{"file1":"PromotionProduct.java","file2":"PromotionProduct.java","start1":2,"end1":16,"start2":1,"end2":18,"tokens":24},{"file1":"Product.java","file2":"Product.java","start1":3,"end1":15,"start2":1,"end2":15,"tokens":18},{"file1":"Product.java","file2":"Product.java","start1":15,"end1":23,"start2":23,"end2":31,"tokens":12},{"file1":"TestProduct.java","file2":"Tester02.java","start1":2,"end1":8,"start2":1,"end2":7,"tokens":11},{"file1":"TestProduct.java","file2":"Tester02.java","start1":9,"end1":12,"start2":12,"end2":15,"tokens":9},{"file1":"TestProduct.java","file2":"Tester02.java","start1":15,"end1":20,"start2":26,"end2":30,"tokens":9}]}