{"id1":"student6","id2":"student27","similarity":0.5347985347985348,"matches":[{"file1":"Product.java","file2":"Product.java","start1":11,"end1":22,"start2":19,"end2":30,"tokens":19},{"file1":"PromotionProduct.java","file2":"PromotionProduct.java","start1":1,"end1":12,"start2":2,"end2":12,"tokens":18},{"file1":"Product.java","file2":"Product.java","start1":1,"end1":10,"start2":3,"end2":12,"tokens":14},{"file1":"Main.java","file2":"test2.java","start1":1,"end1":8,"start2":2,"end2":9,"tokens":12},{"file1":"PromotionProduct.java","file2":"PromotionProduct.java","start1":12,"end1":18,"start2":17,"end2":23,"tokens":10}]}