{"id1":"student12","id2":"student18","similarity":0.7317073170731707,"matches":[{"file1":"Product.java","file2":"Product.java","start1":3,"end1":25,"start2":3,"end2":23,"tokens":30},{"file1":"PromotionProduct.java","file2":"PromotionProduct.java","start1":3,"end1":20,"start2":2,"end2":16,"tokens":24},{"file1":"Main.java","file2":"TestProduct.java","start1":3,"end1":11,"start2":2,"end2":10,"tokens":16},{"file1":"Main.java","file2":"TestProduct.java","start1":24,"end1":29,"start2":24,"end2":30,"tokens":11},{"file1":"Main.java","file2":"TestProduct.java","start1":13,"end1":16,"start2":12,"end2":14,"tokens":9}]}