{"id1":"student6","id2":"student21","similarity":0.5544554455445545,"matches":[{"file1":"PromotionProduct.java","file2":"PromotionProduct.java","start1":1,"end1":18,"start2":1,"end2":21,"tokens":28},{"file1":"Product.java","file2":"Product.java","start1":11,"end1":22,"start2":20,"end2":33,"tokens":19},{"file1":"Product.java","file2":"Product.java","start1":1,"end1":10,"start2":1,"end2":11,"tokens":14},{"file1":"Main.java","file2":"Tester02.java","start1":1,"end1":8,"start2":1,"end2":8,"tokens":12},{"file1":"Main.java","file2":"Tester02.java","start1":29,"end1":33,"start2":36,"end2":40,"tokens":11}]}