{"id1":"student6","id2":"student5","similarity":0.5754385964912281,"matches":[{"file1":"Product.java","file2":"Product.java","start1":1,"end1":13,"start2":1,"end2":13,"tokens":18},{"file1":"Main.java","file2":"TestProduct.java","start1":9,"end1":18,"start2":8,"end2":14,"tokens":16},{"file1":"PromotionProduct.java","file2":"PromotionProduct.java","start1":6,"end1":12,"start2":9,"end2":16,"tokens":14},{"file1":"Product.java","file2":"Product.java","start1":15,"end1":21,"start2":19,"end2":26,"tokens":12},{"file1":"Main.java","file2":"TestProduct.java","start1":1,"end1":7,"start2":1,"end2":7,"tokens":11},{"file1":"Main.java","file2":"TestProduct.java","start1":18,"end1":23,"start2":14,"end2":19,"tokens":11}]}