{"id1":"student28","id2":"student10","similarity":0.5172413793103449,"matches":[{"file1":"Product.java","file2":"Product.java","start1":3,"end1":25,"start2":1,"end2":21,"tokens":33},{"file1":"PromotionProduct.java","file2":"PromotionProduct.java","start1":20,"end1":29,"start2":10,"end2":17,"tokens":13},{"file1":"PromotionProduct.java","file2":"PromotionProduct.java","start1":7,"end1":11,"start2":5,"end2":9,"tokens":10},{"file1":"Main.java","file2":"Main.java","start1":30,"end1":33,"start2":21,"end2":24,"tokens":10},{"file1":"Main.java","file2":"Main.java","start1":13,"end1":17,"start2":16,"end2":20,"tokens":9}]}