{"id1":"student6","id2":"student19","similarity":0.704119850187266,"matches":[{"file1":"Product.java","file2":"Product.java","start1":1,"end1":22,"start2":1,"end2":21,"tokens":33},{"file1":"PromotionProduct.java","file2":"PromotionProduct.java","start1":1,"end1":13,"start2":1,"end2":12,"tokens":20},{"file1":"Main.java","file2":"Test.java","start1":1,"end1":8,"start2":1,"end2":8,"tokens":12},{"file1":"Main.java","file2":"Test.java","start1":18,"end1":23,"start2":15,"end2":20,"tokens":11},{"file1":"Main.java","file2":"Test.java","start1":13,"end1":18,"start2":11,"end2":15,"tokens":9},{"file1":"Main.java","file2":"Test.java","start1":33,"end1":37,"start2":33,"end2":38,"tokens":9}]}