{"id1":"student30","id2":"student27","similarity":0.6741573033707865,"matches":[{"file1":"Product.java","file2":"Product.java","start1":11,"end1":25,"start2":19,"end2":30,"tokens":19},{"file1":"tester2.java","file2":"test2.java","start1":12,"end1":16,"start2":12,"end2":17,"tokens":15},{"file1":"Product.java","file2":"Product.java","start1":2,"end1":10,"start2":3,"end2":12,"tokens":14},{"file1":"tester2.java","file2":"test2.java","start1":3,"end1":9,"start2":2,"end2":8,"tokens":11},{"file1":"tester2.java","file2":"test2.java","start1":25,"end1":32,"start2":24,"end2":29,"tokens":11},{"file1":"PromotionProduct.java","file2":"PromotionProduct.java","start1":3,"end1":9,"start2":2,"end2":8,"tokens":11},{"file1":"tester2.java","file2":"test2.java","start1":16,"end1":19,"start2":17,"end2":20,"tokens":9}]}