{"id1":"student5","id2":"student22","similarity":0.5236593059936908,"matches":[{"file1":"Product.java","file2":"Product.java","start1":1,"end1":13,"start2":1,"end2":12,"tokens":18},{"file1":"TestProduct.java","file2":"Test2.java","start1":16,"end1":23,"start2":17,"end2":23,"tokens":16},{"file1":"PromotionProduct.java","file2":"PromotionProduct.java","start1":8,"end1":16,"start2":3,"end2":11,"tokens":15},{"file1":"TestProduct.java","file2":"Test2.java","start1":7,"end1":12,"start2":8,"end2":13,"tokens":14},{"file1":"Product.java","file2":"Product.java","start1":20,"end1":27,"start2":12,"end2":18,"tokens":11},{"file1":"TestProduct.java","file2":"Test2.java","start1":1,"end1":6,"start2":1,"end2":5,"tokens":9}]}