{"id1":"student6","id2":"student3","similarity":0.6387832699619772,"matches":[{"file1":"Product.java","file2":"Product.java","start1":1,"end1":22,"start2":1,"end2":22,"tokens":33},{"file1":"Main.java","file2":"Test2.java","start1":9,"end1":18,"start2":9,"end2":17,"tokens":16},{"file1":"PromotionProduct.java","file2":"PromotionProduct.java","start1":1,"end1":8,"start2":1,"end2":8,"tokens":13},{"file1":"Main.java","file2":"Test2.java","start1":1,"end1":7,"start2":1,"end2":7,"tokens":11},{"file1":"PromotionProduct.java","file2":"PromotionProduct.java","start1":10,"end1":16,"start2":11,"end2":17,"tokens":11}]}