{"id1":"student26","id2":"student19","similarity":0.599250936329588,"matches":[{"file1":"Product.java","file2":"Product.java","start1":1,"end1":25,"start2":1,"end2":21,"tokens":33},{"file1":"Test.java","file2":"Test.java","start1":8,"end1":14,"start2":8,"end2":13,"tokens":14},{"file1":"PromotionProduct.java","file2":"PromotionProduct.java","start1":6,"end1":12,"start2":6,"end2":12,"tokens":14},{"file1":"Test.java","file2":"Test.java","start1":17,"end1":21,"start2":15,"end2":18,"tokens":10},{"file1":"Test.java","file2":"Test.java","start1":1,"end1":6,"start2":1,"end2":6,"tokens":9}]}