{"id1":"student8","id2":"student9","similarity":0.7574468085106383,"matches":[{"file1":"testMain.java","file2":"Test.java","start1":2,"end1":18,"start2":1,"end2":16,"tokens":38},{"file1":"Product.java","file2":"Product.java","start1":8,"end1":26,"start2":7,"end2":23,"tokens":26},{"file1":"PromotionProduct.java","file2":"PromotionProduct.java","start1":7,"end1":15,"start2":6,"end2":13,"tokens":14},{"file1":"testMain.java","file2":"Test.java","start1":21,"end1":26,"start2":21,"end2":26,"tokens":11}]}