{"id1":"student3","id2":"student27","similarity":0.5652173913043478,"matches":[{"file1":"Product.java","file2":"Product.java","start1":11,"end1":22,"start2":19,"end2":30,"tokens":19},{"file1":"Product.java","file2":"Product.java","start1":1,"end1":10,"start2":3,"end2":12,"tokens":14},{"file1":"PromotionProduct.java","file2":"PromotionProduct.java","start1":1,"end1":8,"start2":2,"end2":8,"tokens":13},{"file1":"Test2.java","file2":"test2.java","start1":1,"end1":7,"start2":2,"end2":8,"tokens":11},{"file1":"PromotionProduct.java","file2":"PromotionProduct.java","start1":11,"end1":17,"start2":15,"end2":21,"tokens":11},{"file1":"Test2.java","file2":"test2.java","start1":28,"end1":33,"start2":23,"end2":27,"tokens":10}]}