{"id1":"student19","id2":"student28","similarity":0.6036363636363636,"matches":[{"file1":"Product.java","file2":"Product.java","start1":1,"end1":21,"start2":3,"end2":25,"tokens":33},{"file1":"Test.java","file2":"Main.java","start1":1,"end1":8,"start2":3,"end2":10,"tokens":12},{"file1":"PromotionProduct.java","file2":"PromotionProduct.java","start1":5,"end1":9,"start2":7,"end2":11,"tokens":10},{"file1":"PromotionProduct.java","file2":"PromotionProduct.java","start1":11,"end1":16,"start2":18,"end2":24,"tokens":10},{"file1":"Test.java","file2":"Main.java","start1":15,"end1":19,"start2":13,"end2":17,"tokens":9},{"file1":"Test.java","file2":"Main.java","start1":30,"end1":34,"start2":31,"end2":34,"tokens":9}]}