{"id1":"student18","id2":"student5","similarity":0.508833922261484,"matches":[{"file1":"TestProduct.java","file2":"TestProduct.java","start1":2,"end1":11,"start2":1,"end2":10,"tokens":19},{"file1":"Product.java","file2":"Product.java","start1":3,"end1":15,"start2":1,"end2":13,"tokens":18},{"file1":"PromotionProduct.java","file2":"PromotionProduct.java","start1":6,"end1":13,"start2":9,"end2":16,"tokens":14},{"file1":"Product.java","file2":"Product.java","start1":15,"end1":22,"start2":20,"end2":27,"tokens":11},{"file1":"TestProduct.java","file2":"TestProduct.java","start1":25,"end1":30,"start2":37,"end2":44,"tokens":10}]}