{"id1":"student8","id2":"student18","similarity":0.6528925619834711,"matches":[{"file1":"Product.java","file2":"Product.java","start1":8,"end1":24,"start2":9,"end2":23,"tokens":23},{"file1":"PromotionProduct.java","file2":"PromotionProduct.java","start1":7,"end1":18,"start2":7,"end2":16,"tokens":18},{"file1":"testMain.java","file2":"TestProduct.java","start1":2,"end1":11,"start2":2,"end2":10,"tokens":16},{"file1":"testMain.java","file2":"TestProduct.java","start1":16,"end1":21,"start2":15,"end2":21,"tokens":12},{"file1":"testMain.java","file2":"TestProduct.java","start1":22,"end1":26,"start2":25,"end2":30,"tokens":10}]}