{"id1":"student30","id2":"student19","similarity":0.5057471264367817,"matches":[{"file1":"Product.java","file2":"Product.java","start1":2,"end1":25,"start2":1,"end2":21,"tokens":33},{"file1":"tester2.java","file2":"Test.java","start1":3,"end1":9,"start2":1,"end2":7,"tokens":11},{"file1":"PromotionProduct.java","file2":"PromotionProduct.java","start1":3,"end1":9,"start2":1,"end2":7,"tokens":11},{"file1":"PromotionProduct.java","file2":"PromotionProduct.java","start1":15,"end1":22,"start2":11,"end2":17,"tokens":11}]}