{"id1":"student6","id2":"student28","similarity":0.6567164179104478,"matches":[{"file1":"Product.java","file2":"Product.java","start1":1,"end1":22,"start2":3,"end2":25,"tokens":33},{"file1":"PromotionProduct.java","file2":"PromotionProduct.java","start1":11,"end1":18,"start2":20,"end2":29,"tokens":13},{"file1":"Main.java","file2":"Main.java","start1":1,"end1":8,"start2":3,"end2":10,"tokens":12},{"file1":"Main.java","file2":"Main.java","start1":32,"end1":37,"start2":33,"end2":38,"tokens":11},{"file1":"PromotionProduct.java","file2":"PromotionProduct.java","start1":6,"end1":10,"start2":7,"end2":11,"tokens":10},{"file1":"Main.java","file2":"Main.java","start1":18,"end1":22,"start2":13,"end2":17,"tokens":9}]}