{"id1":"student28","id2":"student22","similarity":0.54,"matches":[{"file1":"Product.java","file2":"Product.java","start1":3,"end1":23,"start2":1,"end2":19,"tokens":30},{"file1":"PromotionProduct.java","file2":"PromotionProduct.java","start1":5,"end1":11,"start2":2,"end2":8,"tokens":13},{"file1":"Main.java","file2":"Test2.java","start1":3,"end1":9,"start2":1,"end2":6,"tokens":10},{"file1":"Main.java","file2":"Test2.java","start1":30,"end1":33,"start2":20,"end2":23,"tokens":10},{"file1":"Main.java","file2":"Test2.java","start1":13,"end1":17,"start2":11,"end2":15,"tokens":9},{"file1":"Main.java","file2":"Test2.java","start1":34,"end1":38,"start2":40,"end2":45,"tokens":9}]}