{"id1":"student19","id2":"student22","similarity":0.6153846153846154,"matches":[{"file1":"Product.java","file2":"Product.java","start1":1,"end1":19,"start2":1,"end2":19,"tokens":30},{"file1":"PromotionProduct.java","file2":"PromotionProduct.java","start1":5,"end1":11,"start2":4,"end2":11,"tokens":13},{"file1":"Test.java","file2":"Test2.java","start1":17,"end1":21,"start2":17,"end2":21,"tokens":11},{"file1":"Test.java","file2":"Test2.java","start1":1,"end1":7,"start2":1,"end2":6,"tokens":10},{"file1":"Test.java","file2":"Test2.java","start1":32,"end1":38,"start2":39,"end2":45,"tokens":10},{"file1":"PromotionProduct.java","file2":"PromotionProduct.java","start1":12,"end1":17,"start2":13,"end2":18,"tokens":9},{"file1":"Test.java","file2":"Test2.java","start1":12,"end1":15,"start2":13,"end2":16,"tokens":9}]}