{"id1":"student6","id2":"student13","similarity":0.5538461538461539,"matches":[{"file1":"Product.java","file2":"Product.java","start1":1,"end1":22,"start2":1,"end2":23,"tokens":33},{"file1":"PromotionProduct.java","file2":"PromotionProduct.java","start1":1,"end1":8,"start2":1,"end2":7,"tokens":11},{"file1":"Main.java","file2":"Tester.java","start1":1,"end1":7,"start2":1,"end2":7,"tokens":10},{"file1":"Main.java","file2":"Tester.java","start1":13,"end1":18,"start2":12,"end2":16,"tokens":9},{"file1":"PromotionProduct.java","file2":"PromotionProduct.java","start1":13,"end1":18,"start2":15,"end2":21,"tokens":9}]}