{"id1":"student9","id2":"student21","similarity":0.5102040816326531,"matches":[{"file1":"PromotionProduct.java","file2":"PromotionProduct.java","start1":1,"end1":13,"start2":1,"end2":15,"tokens":20},{"file1":"Product.java","file2":"Product.java","start1":10,"end1":23,"start2":20,"end2":33,"tokens":19},{"file1":"Product.java","file2":"Product.java","start1":1,"end1":9,"start2":1,"end2":11,"tokens":14},{"file1":"Test.java","file2":"Tester02.java","start1":1,"end1":7,"start2":1,"end2":7,"tokens":11},{"file1":"Test.java","file2":"Tester02.java","start1":17,"end1":22,"start2":28,"end2":33,"tokens":11}]}