{"id1":"student12","id2":"student30","similarity":0.7024793388429752,"matches":[{"file1":"Product.java","file2":"Product.java","start1":3,"end1":27,"start2":2,"end2":25,"tokens":33},{"file1":"Main.java","file2":"tester2.java","start1":17,"end1":29,"start2":18,"end2":32,"tokens":25},{"file1":"Main.java","file2":"tester2.java","start1":3,"end1":11,"start2":3,"end2":12,"tokens":16},{"file1":"PromotionProduct.java","file2":"PromotionProduct.java","start1":3,"end1":10,"start2":3,"end2":9,"tokens":11}]}