{"id1":"student8","id2":"student23","similarity":0.6347826086956522,"matches":[{"file1":"Product.java","file2":"Product.java","start1":8,"end1":26,"start2":8,"end2":26,"tokens":26},{"file1":"testMain.java","file2":"Tester2.java","start1":19,"end1":26,"start2":19,"end2":26,"tokens":18},{"file1":"testMain.java","file2":"Tester2.java","start1":2,"end1":11,"start2":1,"end2":8,"tokens":17},{"file1":"PromotionProduct.java","file2":"PromotionProduct.java","start1":7,"end1":14,"start2":7,"end2":14,"tokens":12}]}