{"id1":"student30","id2":"student15","similarity":0.7068273092369478,"matches":[{"file1":"Product.java","file2":"Product.java","start1":2,"end1":25,"start2":1,"end2":26,"tokens":33},{"file1":"tester2.java","file2":"Tester.java","start1":16,"end1":32,"start2":14,"end2":29,"tokens":30},{"file1":"tester2.java","file2":"Tester.java","start1":3,"end1":12,"start2":1,"end2":10,"tokens":16},{"file1":"PromotionProduct.java","file2":"PromotionProduct.java","start1":16,"end1":22,"start2":18,"end2":24,"tokens":9}]}