{"id1":"student8","id2":"student12","similarity":0.7068965517241379,"matches":[{"file1":"Product.java","file2":"Product.java","start1":8,"end1":26,"start2":9,"end2":27,"tokens":26},{"file1":"testMain.java","file2":"Main.java","start1":2,"end1":13,"start2":3,"end2":13,"tokens":23},{"file1":"PromotionProduct.java","file2":"PromotionProduct.java","start1":7,"end1":21,"start2":8,"end2":23,"tokens":22},{"file1":"testMain.java","file2":"Main.java","start1":21,"end1":26,"start2":24,"end2":29,"tokens":11}]}