{"id1":"student8","id2":"student3","similarity":0.5506072874493927,"matches":[{"file1":"Product.java","file2":"Product.java","start1":8,"end1":26,"start2":8,"end2":22,"tokens":26},{"file1":"testMain.java","file2":"Test2.java","start1":2,"end1":11,"start2":1,"end2":10,"tokens":16},{"file1":"testMain.java","file2":"Test2.java","start1":19,"end1":24,"start2":27,"end2":33,"tokens":15},{"file1":"PromotionProduct.java","file2":"PromotionProduct.java","start1":11,"end1":19,"start2":11,"end2":17,"tokens":11}]}