{"id1":"student7","id2":"student3","similarity":0.6872586872586872,"matches":[{"file1":"Product.java","file2":"Product.java","start1":6,"end1":21,"start2":9,"end2":22,"tokens":24},{"file1":"Promotion.java","file2":"PromotionProduct.java","start1":2,"end1":11,"start2":1,"end2":8,"tokens":13},{"file1":"tester.java","file2":"Test2.java","start1":41,"end1":64,"start2":29,"end2":35,"tokens":12},{"file1":"tester.java","file2":"Test2.java","start1":18,"end1":24,"start2":10,"end2":16,"tokens":11},{"file1":"Promotion.java","file2":"PromotionProduct.java","start1":13,"end1":21,"start2":11,"end2":17,"tokens":11},{"file1":"tester.java","file2":"Test2.java","start1":11,"end1":14,"start2":3,"end2":7,"tokens":9},{"file1":"tester.java","file2":"Test2.java","start1":26,"end1":29,"start2":17,"end2":20,"tokens":9}]}