{"id1":"student9","id2":"student30","similarity":0.8244897959183674,"matches":[{"file1":"Product.java","file2":"Product.java","start1":1,"end1":23,"start2":2,"end2":25,"tokens":33},{"file1":"Test.java","file2":"tester2.java","start1":13,"end1":26,"start2":16,"end2":32,"tokens":30},{"file1":"Test.java","file2":"tester2.java","start1":1,"end1":9,"start2":3,"end2":12,"tokens":16},{"file1":"PromotionProduct.java","file2":"PromotionProduct.java","start1":1,"end1":7,"start2":3,"end2":9,"tokens":11},{"file1":"PromotionProduct.java","file2":"PromotionProduct.java","start1":12,"end1":19,"start2":15,"end2":22,"tokens":11}]}