{"id1":"student26","id2":"student25","similarity":0.6513157894736842,"matches":[{"file1":"Product.java","file2":"Product.java","start1":1,"end1":22,"start2":2,"end2":20,"tokens":28},{"file1":"Test.java","file2":"Tester.java","start1":1,"end1":15,"start2":3,"end2":16,"tokens":24},{"file1":"Test.java","file2":"Tester.java","start1":26,"end1":37,"start2":29,"end2":36,"tokens":14},{"file1":"PromotionProduct.java","file2":"PromotionProduct.java","start1":9,"end1":17,"start2":19,"end2":27,"tokens":13},{"file1":"Test.java","file2":"Tester.java","start1":41,"end1":48,"start2":42,"end2":47,"tokens":11},{"file1":"Test.java","file2":"Tester.java","start1":18,"end1":22,"start2":21,"end2":26,"tokens":9}]}