{"id1":"student23","id2":"student19","similarity":0.5612648221343873,"matches":[{"file1":"Product.java","file2":"Product.java","start1":1,"end1":26,"start2":1,"end2":21,"tokens":33},{"file1":"PromotionProduct.java","file2":"PromotionProduct.java","start1":1,"end1":14,"start2":1,"end2":11,"tokens":18},{"file1":"Tester2.java","file2":"Test.java","start1":1,"end1":6,"start2":1,"end2":7,"tokens":11},{"file1":"PromotionProduct.java","file2":"PromotionProduct.java","start1":16,"end1":22,"start2":12,"end2":17,"tokens":9}]}