{"id1":"student19","id2":"student5","similarity":0.541095890410959,"matches":[{"file1":"Product.java","file2":"Product.java","start1":1,"end1":12,"start2":1,"end2":13,"tokens":18},{"file1":"PromotionProduct.java","file2":"PromotionProduct.java","start1":5,"end1":11,"start2":9,"end2":16,"tokens":14},{"file1":"Test.java","file2":"TestProduct.java","start1":15,"end1":21,"start2":14,"end2":21,"tokens":14},{"file1":"Product.java","file2":"Product.java","start1":14,"end1":20,"start2":19,"end2":26,"tokens":12},{"file1":"Test.java","file2":"TestProduct.java","start1":1,"end1":7,"start2":1,"end2":7,"tokens":11},{"file1":"Test.java","file2":"TestProduct.java","start1":11,"end1":15,"start2":10,"end2":14,"tokens":10}]}