{"id1":"student10","id2":"student22","similarity":0.5605095541401274,"matches":[{"file1":"Product.java","file2":"Product.java","start1":1,"end1":19,"start2":1,"end2":19,"tokens":30},{"file1":"Main.java","file2":"Test2.java","start1":18,"end1":27,"start2":17,"end2":26,"tokens":22},{"file1":"Main.java","file2":"Test2.java","start1":9,"end1":14,"start2":8,"end2":13,"tokens":14},{"file1":"PromotionProduct.java","file2":"PromotionProduct.java","start1":5,"end1":11,"start2":4,"end2":11,"tokens":13},{"file1":"Main.java","file2":"Test2.java","start1":31,"end1":34,"start2":36,"end2":39,"tokens":9}]}