{"id1":"student12","id2":"student28","similarity":0.5234375,"matches":[{"file1":"Product.java","file2":"Product.java","start1":3,"end1":27,"start2":3,"end2":25,"tokens":33},{"file1":"PromotionProduct.java","file2":"PromotionProduct.java","start1":13,"end1":23,"start2":20,"end2":29,"tokens":13},{"file1":"Main.java","file2":"Main.java","start1":3,"end1":9,"start2":3,"end2":9,"tokens":11},{"file1":"PromotionProduct.java","file2":"PromotionProduct.java","start1":7,"end1":12,"start2":7,"end2":11,"tokens":10}]}